{
  "movie": [
    {
      "Title": "The Land Girls",
      "US_Gross": "000548454",
      "Worldwide_Gross": "146083",
      "US_DVD_Sales": "",
      "Production_Budget": "8000000",
      "Release_Date": "Jun 12 1998",
      "MPAA_Rating": "R",
      "Running_Time_min": "",
      "Distributor": "Gramercy",
      "Source": "",
      "Major_Genre": "Drama",
      "Creative_Type": "",
      "Director": "",
      "Rotten_Tomatoes_Rating": "",
      "IMDB_Rating": "6.1",
      "IMDB_Votes": "3333333333"
    },
    {
      "Title": "First Love, Last Rites",
      "US_Gross": 10876,
      "Worldwide_Gross": 10876,
      "US_DVD_Sales": null,
      "Production_Budget": 300000,
      "Release_Date": "Aug 07 1998",
      "MPAA_Rating": "R",
      "Running_Time_min": null,
      "Distributor": "Strand",
      "Source": null,
      "Major_Genre": "Drama",
      "Creative_Type": null,
      "Director": null,
      "Rotten_Tomatoes_Rating": null,
      "IMDB_Rating": 6.9,
      "IMDB_Votes": 207
    },
    {
      "Title": "I Married a Strange Person",
      "US_Gross": 203134,
      "Worldwide_Gross": 203134,
      "US_DVD_Sales": null,
      "Production_Budget": 250000,
      "Release_Date": "Aug 28 1998",
      "MPAA_Rating": null,
      "Running_Time_min": null,
      "Distributor": "Lionsgate",
      "Source": null,
      "Major_Genre": "Comedy",
      "Creative_Type": null,
      "Director": null,
      "Rotten_Tomatoes_Rating": null,
      "IMDB_Rating": 6.8,
      "IMDB_Votes": 865
    },
    {
      "Title": "Slam",
      "US_Gross": 1009819,
      "Worldwide_Gross": 1087521,
      "US_DVD_Sales": null,
      "Production_Budget": 1000000,
      "Release_Date": "Oct 09 1998",
      "MPAA_Rating": "R",
      "Running_Time_min": null,
      "Distributor": "Trimark",
      "Source": "Original Screenplay",
      "Major_Genre": "Drama",
      "Creative_Type": "Contemporary Fiction",
      "Director": null,
      "Rotten_Tomatoes_Rating": 62,
      "IMDB_Rating": 3.4,
      "IMDB_Votes": 165
    },
    {
      "Title": "Mississippi Mermaid",
      "US_Gross": 24551,
      "Worldwide_Gross": 2624551,
      "US_DVD_Sales": null,
      "Production_Budget": 1600000,
      "Release_Date": "Jan 15 1999",
      "MPAA_Rating": null,
      "Running_Time_min": null,
      "Distributor": "MGM",
      "Source": null,
      "Major_Genre": null,
      "Creative_Type": null,
      "Director": null,
      "Rotten_Tomatoes_Rating": null,
      "IMDB_Rating": null,
      "IMDB_Votes": null
    },
    {
      "Title": "Following",
      "US_Gross": 44705,
      "Worldwide_Gross": 44705,
      "US_DVD_Sales": null,
      "Production_Budget": 6000,
      "Release_Date": "Apr 04 1999",
      "MPAA_Rating": "R",
      "Running_Time_min": null,
      "Distributor": "Zeitgeist",
      "Source": null,
      "Major_Genre": null,
      "Creative_Type": null,
      "Director": "Christopher Nolan",
      "Rotten_Tomatoes_Rating": null,
      "IMDB_Rating": 7.7,
      "IMDB_Votes": 15133
    },
    {
      "Title": "Foolish",
      "US_Gross": 6026908,
      "Worldwide_Gross": 6026908,
      "US_DVD_Sales": null,
      "Production_Budget": 1600000,
      "Release_Date": "Apr 09 1999",
      "MPAA_Rating": "R",
      "Running_Time_min": null,
      "Distributor": "Artisan",
      "Source": "Original Screenplay",
      "Major_Genre": "Comedy",
      "Creative_Type": "Contemporary Fiction",
      "Director": null,
      "Rotten_Tomatoes_Rating": null,
      "IMDB_Rating": 3.8,
      "IMDB_Votes": 353
    },
    {
      "Title": "Pirates",
      "US_Gross": 1641825,
      "Worldwide_Gross": 6341825,
      "US_DVD_Sales": null,
      "Production_Budget": 40000000,
      "Release_Date": "Jul 01 1986",
      "MPAA_Rating": "R",
      "Running_Time_min": null,
      "Distributor": null,
      "Source": null,
      "Major_Genre": null,
      "Creative_Type": null,
      "Director": "Roman Polanski",
      "Rotten_Tomatoes_Rating": 25,
      "IMDB_Rating": 5.8,
      "IMDB_Votes": 3275
    },
    {
      "Title": "Duel in the Sun",
      "US_Gross": 20400000,
      "Worldwide_Gross": 20400000,
      "US_DVD_Sales": null,
      "Production_Budget": 6000000,
      "Release_Date": "Dec 31 2046",
      "MPAA_Rating": null,
      "Running_Time_min": null,
      "Distributor": null,
      "Source": null,
      "Major_Genre": null,
      "Creative_Type": null,
      "Director": null,
      "Rotten_Tomatoes_Rating": 86,
      "IMDB_Rating": 7,
      "IMDB_Votes": 2906
    },
    {
      "Title": "Tom Jones",
      "US_Gross": 37600000,
      "Worldwide_Gross": 37600000,
      "US_DVD_Sales": null,
      "Production_Budget": 1000000,
      "Release_Date": "Oct 07 1963",
      "MPAA_Rating": null,
      "Running_Time_min": null,
      "Distributor": null,
      "Source": null,
      "Major_Genre": null,
      "Creative_Type": null,
      "Director": null,
      "Rotten_Tomatoes_Rating": 81,
      "IMDB_Rating": 7,
      "IMDB_Votes": 4035
    },
    {
      "Title": "Oliver!",
      "US_Gross": 37402877,
      "Worldwide_Gross": 37402877,
      "US_DVD_Sales": null,
      "Production_Budget": 10000000,
      "Release_Date": "Dec 11 1968",
      "MPAA_Rating": null,
      "Running_Time_min": null,
      "Distributor": "Sony Pictures",
      "Source": null,
      "Major_Genre": "Musical",
      "Creative_Type": null,
      "Director": null,
      "Rotten_Tomatoes_Rating": 84,
      "IMDB_Rating": 7.5,
      "IMDB_Votes": 9111
    },
    {
      "Title": "To Kill A Mockingbird",
      "US_Gross": 13129846,
      "Worldwide_Gross": 13129846,
      "US_DVD_Sales": null,
      "Production_Budget": 2000000,
      "Release_Date": "Dec 25 1962",
      "MPAA_Rating": null,
      "Running_Time_min": null,
      "Distributor": "Universal",
      "Source": null,
      "Major_Genre": null,
      "Creative_Type": null,
      "Director": null,
      "Rotten_Tomatoes_Rating": 97,
      "IMDB_Rating": 8.4,
      "IMDB_Votes": 82786
    },
    {
      "Title": "First Love, Last Rites",
      "US_Gross": "10876",
      "Worldwide_Gross": "10876",
      "US_DVD_Sales": "",
      "Production_Budget": "300000",
      "Release_Date": "Aug 07 1998",
      "MPAA_Rating": "R",
      "Running_Time_min": "",
      "Distributor": "Strand",
      "Source": "",
      "Major_Genre": "Drama",
      "Creative_Type": "",
      "Director": "",
      "Rotten_Tomatoes_Rating": "",
      "IMDB_Rating": "6.9",
      "IMDB_Votes": "207"
    },
    {
      "Title": "I Married a Strange Person",
      "US_Gross": "203134",
      "Worldwide_Gross": "203134",
      "US_DVD_Sales": "",
      "Production_Budget": "250000",
      "Release_Date": "Aug 28 1998",
      "MPAA_Rating": "",
      "Running_Time_min": "",
      "Distributor": "Lionsgate",
      "Source": "",
      "Major_Genre": "Comedy",
      "Creative_Type": "",
      "Director": "",
      "Rotten_Tomatoes_Rating": "",
      "IMDB_Rating": "6.8",
      "IMDB_Votes": "865"
    },
    {
      "Title": "Following",
      "US_Gross": "111111111",
      "Worldwide_Gross": "44705",
      "US_DVD_Sales": "",
      "Production_Budget": "6000",
      "Release_Date": "Apr 04 1999",
      "MPAA_Rating": "R",
      "Running_Time_min": "",
      "Distributor": "Zeitgeist",
      "Source": "",
      "Major_Genre": "",
      "Creative_Type": "",
      "Director": "Christopher Nolan",
      "Rotten_Tomatoes_Rating": "",
      "IMDB_Rating": "7.7",
      "IMDB_Votes": "15133"
    }
  ]
}
